EvaluatorID,FirstName,LastName
3a6f0809-f73c-444f-9ab9-4ee1faa3b212,Samuel,Butler
6f6b28cb-780e-4acf-ae6a-959aa16e3ccf,Kathy,James
69996712-e0b6-4a60-ad4a-a5ff7546be5c,Ashley,White
d2a4b165-5d95-443f-b627-aebb4019d285,Dana,Smith
0af7e229-d913-4806-8410-eab0f5543bf5,Pamela,Donovan
df8a6b73-ee0f-45f6-a857-6b2583078982,Matthew,Nichols
6789dc13-1b56-49e3-90d4-30ae2c39884b,Karen,Cruz
d587d576-fefc-447a-896e-eb40a8b47a45,Brian,Keith
68397d85-daf7-4086-83f5-ecdf5db07708,Sarah,Byrd
7bbe758e-4d37-4476-bc2d-a82e59a26bdb,Barbara,Diaz
2b63d64d-18ae-4367-9add-f3a043c989e0,Katie,Stephens
78edfa26-c01c-4cec-8d01-5f2f0b6b9960,Robert,Collins
24c9b022-b8c8-41a4-bbb6-4aa15139955c,Mariah,Ramos
2a8a13b3-68c5-43e3-abeb-1267643ae022,Cathy,Petty
f69426ba-df78-43b9-a4d2-8378cd4d2cc2,Amy,Stout
2d3d5021-d0c9-4050-a8cd-6da4db701b05,Kathryn,West
39bb2ad7-0ca3-4a8f-b3b2-89af75bed9cf,Maria,Haney
95a9fb88-6a70-4972-b7a6-82bb4f274863,Christie,Allen
59ba3e66-6357-4291-8b23-bdc641d753cf,Dawn,Walker
b7de8119-4874-4bc4-9fe2-5087ab94abd7,Robert,Chambers
0b82382b-d12b-4002-ab79-fe4686ee79d5,Mary,Phillips
a95944ef-70fb-4435-9267-68bac5be4ae6,Samantha,Roth
e2d9add1-d21d-494d-94bd-34b3a0c6a3a0,Raymond,Ramirez
19c5fa3b-9f3d-4b43-af4a-e1ceedfcd651,Craig,Flores
384b7914-9386-4d38-9587-50435de50ed0,Mason,Mooney
785dc93e-0769-4048-9192-6c54e5f8174b,Alyssa,Hamilton
005464c6-4720-4eda-b27a-5551c7026feb,Colleen,Larsen
0d1a1606-0fe8-4a0b-9d61-2523897c4e1f,Allison,Brown
966cc590-6a77-4d28-a693-56b15645533b,Susan,Mullins
0c0d0eed-921c-4475-a2db-2994d1a2ad0d,Nicolas,Brewer
3aece1f6-7b60-40c8-a67f-668fecce1bc1,Cheryl,Giles
200819e1-adca-4370-b04a-7d4445f2e99e,Kenneth,Sanchez
4a769638-26a7-4209-9f16-c0d5f80390f6,Luis,Woods
9f763805-4e5d-464a-a52f-2557ed4ceea6,Tyler,Mosley
c1692f2f-c9a7-4f28-b9e5-5f6628198ca3,Jack,Carter
09c18c6d-4a36-4091-927e-a49be77a2dbe,Rachel,Johnson
47a6e3ed-a358-48dc-af07-e9c53eabb7fb,Janice,French
23b476ca-ad21-43cb-92a3-144572b8fb0c,Anthony,Cox
bcc1bfcd-4ae0-41e8-bb9e-7a8dbdcc2bee,Kristine,Mason
2888f93a-d882-4b0c-a8b1-d2ab2c68f2de,Stephanie,Rogers
0f8a3a92-051d-422e-b429-bbe4cb6c0dc3,Brenda,Dunn
5490e5e5-3af0-4d36-8d8b-7de0b36cdce3,Isaac,Cox
2e88579f-afe9-4f10-8df5-3979604bebad,Catherine,Wilson
a5e45d46-c899-4023-a85f-39460089958a,Sydney,Woodard
e23cbd71-0a3b-40b6-9857-70cc0255b3ca,Jose,Montgomery
7dd6aa97-7c70-4afd-9ab5-d7ba04b3b3fa,Karen,Graves
09e148cb-6e34-4f58-93a3-6062d479b289,Isaac,Cox
a7ed10c3-c4bd-42c7-b6d2-9838dcb600d5,Dustin,Chavez
185d2c93-d50d-4303-b073-fba656295a0d,Elizabeth,Leonard
fe4b3d4e-b4fc-4caf-a79a-cf6493a2195e,Ryan,Miles
e4a79e92-c585-4551-84f4-edf46e641063,Candace,Johns
0e469544-8802-45eb-b3b6-36b837974bc3,Heidi,Sharp
79601cd4-83e0-4f47-b511-6468d0833355,Stephen,Wang
740b8c3c-3944-42be-b1c5-23f82993b9c5,Andrew,Sanders
d6734411-b0b1-4dee-8e70-07fca1f0bdee,Elizabeth,Bowen
a92ee25c-9396-4f9d-81bf-0e5d6eadce69,Timothy,Ryan
91bda625-080e-47b3-89bb-d93dc3a16956,Heather,Rivas
939c8f09-415b-4c01-a290-07230d57d16e,Brian,Meyer
459ca60c-8984-4abf-8202-1b95f7d548e8,Richard,Bender
eff99da2-af66-4020-91e2-d3b6e5e75b53,Tyler,Pham
51bfcd1e-c12a-4bd8-9a49-c7b029757a26,Eric,Hill
09e748bc-1cb1-4663-bb1c-88171434a962,Paul,Kelley
9783625a-c7f4-4bac-a90d-dca9c725de48,Benjamin,Mcclain
47ed7af1-e595-4a4e-8e0a-092a5d0dc29b,Brenda,Cole
12de933d-3f87-4583-843f-56ff9f242de3,James,Ramirez
2101f530-ed7c-4a19-8aa4-90cdb3e220be,Christopher,Christensen
5e49df30-03e1-4330-94fc-b5469060230b,Christopher,Lara
2d84534d-118f-4823-a244-ace8888ccfb4,Scott,Lutz
67bf97bc-ce80-4bb0-b34d-7775fda4490e,Michelle,Nielsen
2c78506a-9d20-45cc-9cd3-10251bc3d88b,Dennis,Browning
e0e830da-ada3-4e84-873d-15a0ceb2c7a3,Michael,Hess
7d8902aa-dd2e-4fd3-be14-10fe973cfe9e,Mariah,Ramos
a5be06a3-1ffc-4114-9294-bd626f4b2257,Benjamin,Hansen
21d0c503-50f8-4a4e-ad3a-528caac49e16,Steven,Stewart
b608169f-95e7-449c-acf0-e9180e64ee44,Carla,Anthony
ed4958f5-c719-4eb9-96e1-48c9e074155b,Susan,Guerra
b5b923bc-ef1a-4dcd-8e7a-d63bbc3918ff,Kathy,Clark
557080d3-21e1-4df7-8fc8-588329d329b9,Kimberly,Price
fbe49763-186b-4301-891a-cb118812c82a,Luis,Gallagher
547c8a83-5c16-403b-8328-afa773d8548f,Jacob,Anderson
08542645-5706-41ec-8c41-0fb8b38ce7e6,Jennifer,West
155a9b36-621a-45ad-a118-2c0ddc9f2d05,Melissa,Brown
bfea21f3-c6ec-4a9e-9e6c-e74f2d0671e2,Albert,White
b414247c-5087-4d0f-bb94-9b3f5a74e2f8,Mark,Liu
86d80ad7-d63e-4c19-a456-cd8d9f508cf1,Adrienne,Miller
d944e3df-d6b4-4aed-ba32-2ca99772868f,Warren,Mann
50957b7e-94c9-43bf-a5de-1fa54b4d7ab4,Patricia,Howard
8a22c67b-3660-4818-b38a-d66555e3b4ab,Dennis,Salinas
d672be7b-c560-4bc3-aecd-ac252a697200,Julie,Hayes
0e8df75a-f37e-424b-bfe2-854e02d04cca,Benjamin,Morton
a6d7f24a-4d31-40eb-b6fd-4df9068eb565,Kristie,Lopez
a59ca964-a127-4522-bf92-b858e279374d,Justin,Lopez
8f33a1c3-1964-433f-947a-9e32a06fa218,Kevin,Payne
c72add68-b3a2-4359-8da1-bcd8ff803705,Nicholas,Smith
827c629e-fda6-494d-80a9-bd700c18ae60,Laura,Wilcox
c0181231-0a02-44f8-8ec8-0f8fcc879ac5,Courtney,Arias
d2d84cb6-a2ac-4239-bbe7-d62b6ec34e90,Ashley,Allison
0626c3d8-913f-4892-834a-cabc72e44837,Daniel,Harris
c5522591-1df1-4051-bf46-1b6f533272cd,Destiny,Edwards
89c70527-3dba-486c-b633-523925ab9df1,Steven,Powell
ee0438b3-d9f7-4a09-beba-3768ce5e39a4,Charlotte,Cooley
3e6f96c3-5295-4333-8338-08ccd93f61ae,Bill,Smith
90793df1-58f3-4c98-9972-361c310b9179,Terri,Smith
508289d6-3f4a-4699-9393-9e6712c66ac1,Jonathan,Murray
005de6fa-00e0-41a0-bbed-26e2a01477c3,Brenda,Hood
0e0c44e2-405e-4558-b71c-2bf9999dfbfb,Joan,Kline
8235d075-a188-401a-b541-2dfe679b288f,Abigail,Aguirre
7d50cfac-ffde-4522-a7e6-6246967de647,Sean,Green
49d4c1c2-bf32-494b-a947-594911137ba4,Jean,Nelson
1ee7dea9-ccf3-4714-a135-5f8216b69f92,Ryan,Andrade
64e97093-89f5-4823-a7a9-fa0cdf57bedb,Jillian,Rivera
3aef2400-b81a-4e36-97d2-f16fd1c191b8,Douglas,Davis
b3d609bf-3969-4de9-b02d-acf101111ac7,Wendy,Davidson
63c0fae1-aa9a-4f91-810d-640be9623747,Anna,Allen
4887c455-ab18-4863-87fc-a419f8a69f4a,Anthony,Cox
fd38b759-d6bb-4958-9b9d-6f37e00914e7,Christopher,Robinson
fedbed32-12db-4aa9-ae35-bd2a3a8e0476,Andrew,Ellis
556366f0-f7ad-43ac-b4a2-83907ff75b82,Carrie,Pierce
44e53f32-8b96-4b78-9d47-34dc3251b271,Bryan,Hamilton
7e111302-40b0-43a9-bd1a-c8bc58e65c28,Brenda,Morgan
ff9b0843-c972-4a8d-84c2-cb11cde2e2c5,David,Torres
8031e35a-b699-4ee0-ad37-31f72075d518,Christopher,Downs
72a4d847-66bc-4ec5-8189-fe423aa9d7d2,Brenda,Williamson
f2ab327e-546d-4ab9-a633-5448738984de,Jessica,Gallagher
ee95f613-b334-49b6-9ea0-3cea21078c83,Haley,Jarvis
5db3f769-6f7b-402f-b458-55d711a6885f,Thomas,Morris
a51ef816-c7f9-4aa5-878c-bbeaea80a13b,Alan,Colon
c14b3dc2-aeee-45bf-9d29-fa0ef2df4d1a,Charles,Grant
10e02b55-9ec8-4299-ad6c-b79992c4b241,Seth,Garcia
1201bb7f-6823-4742-b5c7-5d3823e6ca73,Daisy,Flores
1ba4b0e0-c031-4065-b069-04eab2c77238,Brianna,Booth
2e99785c-133d-4564-9c25-6a148a23d12a,Antonio,Mueller
e420ec67-577d-493b-849b-f3824712163e,Patricia,Howard
4bcdc838-c7a5-4901-a9ca-6dd4f7d47a54,Andrew,Sanders
3df2be0c-b984-445b-a7e8-8addcd7007a7,Patricia,Ayala
387169da-e2a4-4efe-bedb-773622dc89fb,Eric,Matthews
e73b3f0e-0333-4f3a-9230-1f00340dcecd,Jake,Miller
89b0926f-448d-49fc-8911-7e83b8cc2846,Darren,Ortiz
415401fd-7f1b-4a02-b22d-334e4d7339ca,Benjamin,Phillips
d9febee0-d405-49ad-828f-2cfbee849606,Christopher,Smith
a91e0c48-73b8-4b6e-80ea-95bf36dff170,Ricardo,Villa
22d01d7b-c98d-477b-8b3e-d897cf9af3bc,Michael,Franklin
91bb8b33-f693-42a6-a280-243d249a9767,Rick,Christian
99bdcc4b-e843-4f8a-b6da-11828d5b4037,Andrew,Perez
2f35b6c1-8cf8-4dd3-8d75-8dd80cbb18fe,Autumn,Arroyo
9aea03c7-cbea-4c04-b6a6-ea7b0dbfb084,Jessica,Cross
a7422ed9-607c-411b-9127-7f51b3147a00,Edward,Moody
dc1d618d-e44f-40c8-8380-f45bd7b13d49,Stephen,Riley
bb058383-e367-48bb-9bab-7a4ab34bc780,Daniel,Armstrong
81833476-e769-4053-a776-a30dbfa5fafa,Amy,Barrett
c45c6efe-6d73-4a82-8144-2ea3851307db,Samantha,Gardner
7291b893-6568-4f00-bf7d-47ebb39de333,Alice,Hart
ae5dedb3-5b55-410b-848a-ef1a773ab80e,Donna,Shaffer
1ca43ad0-88e2-4d16-85d3-ae4e7fdc58b0,Donald,Flores
8aa68ac0-5f2d-4b43-abc9-c79bd1ad5515,Daniel,Young
c544dc71-a8b6-46ab-9eb6-1e7285b807f9,Steven,Watson
b321632b-3ec1-4e01-a7fd-58e6cc859fc9,Samantha,Mitchell
fb1389e1-3c2b-4ff4-94a2-c1fcd649842f,Ryan,Cook
3fdfd675-5ecd-4ecc-81bb-67c974411826,Aaron,Johnson
8a205728-e615-49e5-90e6-8d6edc7b37f2,Kathleen,Navarro
8ffed617-af35-41c3-bec2-518c7ec0d63f,Destiny,Edwards
59a800c6-756b-4466-8ac9-a41c1e6ca591,Jamie,Carr
32c8201f-bc48-4e81-a517-acdea86a768b,Kenneth,Hoffman
8eba964e-21ea-449c-ae58-440b2e3bd448,Erika,Davis
cb45f867-dc99-43ab-9da0-1d6fe87c32d6,Christopher,Zuniga
30c39291-d7c6-43ba-970e-3f6566d0b11b,Monica,Jordan
1cad7399-0d7a-41fe-ba7e-40e00186d8d5,Katie,Stephens
26eaa6b9-ab58-4359-b373-5843a22d9642,Bonnie,James
9dce604d-de8b-4c02-a1c8-010df731b694,Melissa,Hall
a99c12f4-309d-4ebc-82b1-78567592ec51,Nancy,Mccormick
b5f83fe7-7dfe-42e2-b4b1-6a5432eb35f5,Michelle,Jones
da1dd80b-fac0-4218-8eb6-24d7335003df,Donna,Williams
ccd73a63-d8af-4cb4-af65-2916eb6519d2,Isaac,Blackburn
371bd08d-be94-4dc2-aeda-dbf3d6bc2a06,Brenda,Cole
ab5ca964-70d5-4cee-a215-083be705efcf,Stephen,Schultz
778be460-5c35-4cfb-9054-527bded4d595,Wendy,Richardson
aefa5b25-8104-4a07-9a24-f66e1f5aa008,Alex,Sullivan
3b31d1f9-5d1a-4a44-88b2-c809327427df,John,Turner
f47045ea-3b7c-47d5-9a26-f1b03a641e3d,Christopher,Morgan
80676dd0-9340-4beb-9936-c9ae790b5426,Kelly,Barnes
8047c510-b998-415c-9cdf-7c84ee64952f,Kim,Miller
f703cb77-7975-4453-8222-f2b8628f4cd2,Catherine,Long
eb575d0d-7646-49bf-894c-6034cc7bdefe,Lynn,Wilson
8903f331-220f-4c36-aa77-15bff7b20fb7,Valerie,Anderson
7c34de6f-57de-40ca-8d6d-a6e44fa7008c,Robert,Nelson
ce14a79d-e277-4595-b9dc-a77a2f2d3e22,Margaret,Santos
361f32a2-8ffd-43f8-9f7c-d16c24c74d90,Jason,Parker
ed88bb63-1bdf-48a6-b55c-b102d011ac8e,Tanner,Payne
a712145f-dc95-4b9d-b607-15a63352ef4d,Todd,Moore
3dbee55d-6834-438a-abf2-819d7945c77d,Matthew,Taylor
bec2ee89-8593-412f-b727-efdd76a764b2,Heather,Sloan
30d3f126-445b-4f98-93fd-32486b872d0e,John,Watson
98ec9578-c1ca-4af5-ad7b-fef691ddf57d,Jennifer,Lam
59e3d4df-22fb-4ff2-957f-50114517e5b3,Jamie,Carr
a1b83c35-fc61-4884-ac62-5c4379c5f20a,Patricia,Howard
d26346de-ad71-4664-b7f2-97a53901ba8d,Luke,Jenkins
f0330b94-4e59-490f-b92e-dfbe7fb333a8,Aaron,Nunez
5859e4bd-a00a-49f7-95e4-704e922f31f9,Patricia,Hess
796e07a1-9b43-4420-9c6a-7bfb72d77799,Brianna,Rodriguez
d1fe2b49-4388-450f-9511-5e503b17cbeb,Ronnie,Williams
7eaa14ae-eceb-4653-8315-5cf568b882a2,Robert,Warner
799073f3-a3b4-4549-9cd6-44ba57ef59f6,Kathleen,Hall
0e68ae67-384f-42d1-ac18-fefd8595db17,Maxwell,Richards
4f1a95af-c135-4728-9c24-ba4f01a40b03,Darren,Harris
040df14a-aa31-4a55-8617-4b9f72148ec1,Hannah,Kemp
00e263d2-b2f0-470b-93a5-137e8fa3d86f,Kenneth,Baker
96891341-e098-46c2-b613-7d2666a00486,Daniel,Young
3e95aa14-755c-4568-8e10-bae66100190d,Alison,Spencer
7b988e10-6101-4812-a517-b0725633e376,Mark,Stein
6ee07038-cb5f-4c9a-b3ec-6fd3979af268,Brandon,Griffin
c954c4dc-360b-4951-869b-4457a94b8ffd,Janet,Bowen
b0bc2fa8-445a-4844-a6f8-ef47af7a7467,Melinda,Long
8ef89c55-044c-4ac7-84a4-a959dcc06f47,Andrew,Wagner
bb338bc6-717c-4cbb-8e10-03966c8baeb3,Alexandra,Baker
955f7a46-b912-4a07-a215-fd1ff43a7883,Maxwell,Hurst
c44cf39a-13ed-4dbb-8d57-525dd7e900d3,Daniel,Romero
8658c50d-e8f0-4fc3-9b42-ba969ed5cbe0,Christina,Schwartz
9c9f530b-9b41-4e2d-9910-2d90d63e8de8,Kayla,Owens
05f2501e-a2c4-49b4-9dbd-cc4ba1c0a1c4,Michele,Bryant
9dd3b440-4b0a-477b-b405-75bd12e6b46d,Alan,Taylor
7e75444b-7f27-41f7-bffb-18ff1c118a3f,Jacob,James
48b5e04f-63dd-401a-954f-42d1aa702f4f,Bonnie,Mason
05ec3ad2-831a-4103-8fb5-ba2c573e6bc9,Connor,Jacobs
309710d8-7317-40b1-b59a-d027d9597096,Shane,Brown
5e8d5928-7aa2-47ce-86cf-eacf6ff467ab,Andrew,Fitzgerald
e2a835a1-8bfb-4f5f-ad1b-e741b0e5b225,Maurice,Matthews
784ffb0f-554a-434c-aa39-d69ed69b0828,Christopher,Melendez
4c495987-929a-4c58-92e1-3258f3022e29,Kent,Murray
03f193a2-a2f9-4ec7-aa9f-304e8dbc0813,William,Mccullough
23ed4e1a-a599-41d0-badb-063da378cba2,Dalton,Banks
8bd97771-6524-4fd1-9b24-92e3df756978,Robert,Collins
f31cca9a-2827-434c-9909-5b4103ec0552,Lauren,Smith
1c205435-b0f0-4384-932c-1dad3bd726d1,Andrea,Morrison
cc058d4b-5514-4754-a28f-a7940c739458,Haley,Carr
586a28cd-3629-47b5-a272-81e469c80f58,Darren,Harris
89e11498-9dc4-48bd-b15c-e8f329f1835d,Joseph,Flynn
3898307e-25aa-41e6-93cd-c1322bbea3d9,Kevin,Marks
0068e7e6-bf8e-4578-afab-f7fdb41878b3,John,Obrien
2e157791-0f0e-4857-9250-10aa4953bb4f,Jeffery,Bridges
61781426-a93f-4b74-b8d7-aeeab63deb68,Allison,Cox
8ce64164-1391-43ed-a750-56ac093a309a,Christopher,Wolf
1f37304b-c985-4081-a5c5-fdd17e23e15b,William,Brown
001d67bd-992f-4e02-91c8-d1ed5d93272f,Robert,Parker
9c1df71f-726e-4707-9ded-85f3f85b78e0,Ronald,Hamilton
fe45ca97-24e3-43d5-9abf-6db8454eeab7,Austin,Bonilla
fb1f2f9c-15fc-4210-9450-e17104c2ebd3,Karen,Morse
8bfd22a3-545c-4199-bd87-aac9b61a2745,David,Robinson
02a14fe9-b403-46f8-80c4-4d4dd547a5fa,Melissa,Quinn
9f9fd2a6-600b-4a96-a925-8ad5e9da4bc6,Sarah,Nguyen
ca7ef88a-22f8-4e86-8dcf-bc3c38558bcd,Christopher,Montgomery
3d95a1cf-6e47-4c4d-9fb9-08455dde013b,Carlos,Wade
485ca199-1c61-41f5-8667-970f411ecc57,Hector,Russo
f78f6231-add8-43f2-9d8d-3afee09df244,Matthew,Klein
ff19c444-267d-4672-9e28-ba66f7dd490a,Norma,Moore
57b8a78c-8c84-4979-8cfb-9d3665a441f9,Gina,Hinton
73d32265-bbf2-4934-abb8-4aafa69bd9d4,Benjamin,Phillips
b7e04bf5-7343-40db-b70c-cb564afab2c4,Erica,Rice
d01f14f7-158e-4e3c-9f04-5c94d5bc33ed,Douglas,Davis
ccda62a9-d3c7-40d2-9584-75afc3e388af,Brenda,Dunn
12a9e9d7-025c-41ad-a372-8c7b08019f7d,Karen,Brown
58bfe6dc-1e77-4633-9e20-2b9635d7ce11,Thomas,Nichols
530f5ad4-e3a2-40b1-847d-ed902eb9f604,Kenneth,Jackson
efcd9137-e813-47d1-b439-a7408d01ef14,James,Allen
add9c7e7-4be5-40da-a73b-a41b07a9302b,Eric,Hill
d703fc6e-00af-43e9-b2d2-ffad773a3d02,Cathy,Gross
a6d5345f-baaf-4572-8f56-29d2d1935c86,Amanda,Romero
54d856b5-1843-45e4-9876-94ef94a48721,Jessica,May
f1f98bfc-f1b4-4276-b8b7-5a8bcf447654,Holly,Bradley
57dabff8-a730-4af6-a5b6-10e8fd5210a8,George,Brock
ea9e8745-c461-4ac0-ae8e-4e3022f230d0,Danielle,Hobbs
7475ce76-acf5-46f2-89c2-ae73ce3ced81,Andrew,Christensen
ad1300c0-6b32-4a0d-b596-39054bbfd9c5,Angela,Anderson
d1ffc375-6572-4083-bfcb-3fa5f5d3cf88,Virginia,Thompson
2fe23dc9-8789-4765-9d42-50bf6699ab9a,Andrew,Walker
fce982c2-028e-434f-b119-9e280b158611,Angela,Garcia
dcd33f59-9062-4786-aa9a-64fb08fe6817,Allison,Cox
b20005bd-46a0-4836-b5e9-b5c8cb10f696,Brandon,Herrera
8592c073-a157-40ea-9768-0101677acb6e,Brittany,Brown
3e072a47-0dad-48c7-91b4-b1be8c5e0d6d,Courtney,Franklin
4f7ee68f-2545-46bd-9d97-451218748512,Daniel,Gonzalez
219d24ee-a9c5-4c72-9919-c996accb2bc3,Jessica,Mcclain
88d241f0-bdbe-4acc-b82b-c654c4665e8d,Anna,Allen
70ee1ead-17cc-4bca-aa1b-61714e522010,Glenn,Blake
bddef9df-2cb0-4e5c-849f-48aab15d4e52,Justin,Lopez
02f64589-25e1-44bb-8cdc-0df59b239827,Amy,Shah
0b646c59-6ce3-4914-8769-2f67fe2afc68,Kelsey,Phillips
a6d609b6-e4ea-4f0b-9529-0bac38b20b16,Toni,Gray
dd799806-c995-4032-911f-706b841a10e5,Sarah,Hudson
93895c1d-7c39-4c97-a2e1-b01d51201371,Matthew,Taylor
a118ee52-7566-43e7-aa4f-8620718ffa70,Kayla,Estrada
2cbd12a7-d82e-43e3-891b-246513efa1c0,Eric,Simmons
7aa2d45f-36c6-4a36-b5e1-3086901e4c8f,Sierra,Sanders
7c2a30d5-a869-4023-9ae5-999bdec7c886,Seth,Lee
56777565-38f7-46ba-a552-3ebe0f26f2e8,Barbara,Diaz
fb01fb84-d3ee-460e-ba09-785df0887ac9,Tara,Allen
5206906f-3751-4e4c-8aee-be3639d7d530,Sarah,Scott
27d44c65-8d36-490d-a585-ce04914f7423,Cody,Hoffman
d064e732-75bc-4783-bc2c-a75c92a64c81,Julie,Lewis
0301b17e-fcd5-496b-88d2-68d70af6ff6a,Nicholas,James
856ef90c-e589-4dd3-9f9c-b70f4728f091,Kristin,Velasquez
bd512d53-cecd-418e-9941-5df8192fa0de,Barry,Noble
98da4309-55e5-47f7-82d2-4c88a58afd41,Jacob,Anderson
faf24467-6db3-434d-8b29-2344eed45079,Michael,Graham
b2d0ded0-397d-4650-8a9d-5ce7bb92eb2a,Beth,Walker
924da277-c0d9-4ab9-bab2-2d3f6c160466,Brenda,Dunn
3f8a7f23-642e-4a12-875b-c141a7e39f02,Sandra,Calhoun
538ac8ef-18e1-41fa-9035-98344a1abe9a,Mary,Brown
6cc28dd8-0098-4a69-abd7-3b5e742e0968,Nicole,Nelson
533cb3b0-a5e8-4c4f-8c5e-39a708ff3c4a,Kim,Perez
e2b9f0f9-8e99-4352-988e-5214acf0bcdd,Jessica,Adams
aadb7393-e7e7-46ee-ac51-48c56365a8a1,Corey,Wright
2cbe975f-24da-4193-801f-e7c41e25d9c0,Ellen,Hernandez
7cc4c2b8-5ddc-4e8b-b40d-909d5e6cc588,John,Robinson
58dc8156-15b1-41f6-8b14-c4c3dc740ad8,Dawn,Rivera
